{
  "base_elbow": -14.27744520762252,
  "scale_elbow": 1.1788578063532946,
  "base_sh0": 192.03272055155253,
  "scale_shflex": -1.067903541958013,
  "scale_shabd": -0.9197931769639024
}