{
  "base_elbow": -30.98647049717958,
  "scale_elbow": 1.4930008880755583,
  "base_sh0": 200.84904107695138,
  "scale_shflex": -1.1103213202518867,
  "scale_shabd": -0.9172410702539159
}