{
  "base_elbow": -19.80289558523134,
  "scale_elbow": 1.2551584893089578,
  "base_sh0": 267.9456577749121,
  "scale_shflex": -1.5323535298157616,
  "scale_shabd": -1.4264285718484477
}