{
  "base_elbow": -18.41104642072962,
  "scale_elbow": 1.1931941160958561,
  "base_sh0": 196.11338718937242,
  "scale_shflex": -1.0441541248752841,
  "scale_shabd": -1.219137677661479
}