{
  "base_elbow": -6.237088857074085,
  "scale_elbow": 1.1665915226512544,
  "base_sh0": 196.5171743761698,
  "scale_shflex": -1.0680671259127035,
  "scale_shabd": -1.0947474975872507
}