{
  "base_elbow": -7.080753984152707,
  "scale_elbow": 1.0565324635133662,
  "base_sh0": 213.38878274570936,
  "scale_shflex": -1.2245511178380573,
  "scale_shabd": -0.9487265263844027
}