{
  "base_elbow": -217.72269387701667,
  "scale_elbow": 2.8670444751517294,
  "base_sh0": 208.90076263620412,
  "scale_shflex": -1.139987113721383,
  "scale_shabd": -0.8396231795943111
}