{
  "base_elbow": -16.3818879408812,
  "scale_elbow": 1.1909220628681076,
  "base_sh0": 198.20674935903332,
  "scale_shflex": -1.075735470601712,
  "scale_shabd": -0.9459103348745547
}