{
  "base_elbow": -8.829921596346736,
  "scale_elbow": 1.1943286394985926,
  "base_sh0": 193.05493639516789,
  "scale_shflex": -1.0416092266530392,
  "scale_shabd": -0.9144986724052263
}