{
  "base_elbow": -9.564882718919662,
  "scale_elbow": 1.1395429430927013,
  "base_sh0": 197.57422808565036,
  "scale_shflex": -1.0831961227510365,
  "scale_shabd": -0.9563889703182602
}