{
  "base_elbow": -11.856197343189336,
  "scale_elbow": 1.2110610696285555,
  "base_sh0": 195.604799929278,
  "scale_shflex": -1.0669795642077298,
  "scale_shabd": -1.3367140719721757
}