{
  "base_elbow": -3.79471612948133,
  "scale_elbow": 1.094311832900088,
  "base_sh0": 196.21961856891397,
  "scale_shflex": -1.085430795910085,
  "scale_shabd": -0.8697450488760183
}