{
  "base_elbow": -17.419130717203515,
  "scale_elbow": 1.2026435320547921,
  "base_sh0": 191.0248957653186,
  "scale_shflex": -1.06858303865016,
  "scale_shabd": -0.922029418428056
}